{
	"id": "71d3ea19-de8a-4637-8fcf-c62e8ba74524",
	"name": "GRAPH",
	"values": [
		{
			"key": "newHopeOffset",
			"value": "1",
			"enabled": true
		},
		{
			"key": "droidId",
			"value": "c3BlY2llczoy",
			"enabled": true
		},
		{
			"key": "fourthId",
			"value": "cGVvcGxlOjQ=",
			"enabled": true
		},
		{
			"key": "",
			"value": "",
			"enabled": false
		}
	],
	"_postman_variable_scope": "environment",
	"_postman_exported_at": "2021-06-06T11:06:19.574Z",
	"_postman_exported_using": "Postman/8.3.0"
}