{
	"info": {
		"_postman_id": "3a3a08bb-c727-4485-ab78-dab322ad2b48",
		"name": "graph",
		"schema": "https://schema.getpostman.com/json/collection/v2.1.0/collection.json"
	},
	"item": [
		{
			"name": "Hope",
			"request": {
				"method": "POST",
				"header": [],
				"body": {
					"mode": "graphql",
					"graphql": {
						"query": "query {\n  allFilms(first: $newHopeOffset) {\n    films {\n      speciesConnection {\n        species {\n          name\n        }\n      }\n    }\n  }\n}\n",
						"variables": "{\n    \"newHopeOffset\": {{newHopeOffset}}\n}"
					}
				},
				"url": {
					"raw": "https://some.api",
					"protocol": "https",
					"host": [
						"some",
						"api"
					]
				}
			},
			"response": []
		},
		{
			"name": "Droid",
			"request": {
				"method": "POST",
				"header": [],
				"body": {
					"mode": "graphql",
					"graphql": {
						"query": "query {\n  person(id: $droidId) {\n    name\n    birthYear\n    eyeColor\n    homeworld {\n      name\n    }\n  }\n}",
						"variables": "{\n    \"droidId\": \"{{droidId}}\"\n}"
					}
				},
				"url": {
					"raw": "https://mruvka.com",
					"protocol": "https",
					"host": [
						"mruvka",
						"com"
					]
				}
			},
			"response": []
		},
		{
			"name": "Characters",
			"request": {
				"method": "POST",
				"header": [],
				"body": {
					"mode": "graphql",
					"graphql": {
						"query": "query {\n  allFilms(first: $newHopeOffset) {\n   \tfilms {\n      characterConnection {\n        totalCount\n\t    \tcharacters {\n\t          id\n\t          name\n\t          gender\n\t    \t}\n      }\n    } \n  }\n}\t\n",
						"variables": "{\n    \"newHopeOffset\": {{newHopeOffset}}\n}"
					}
				},
				"url": {
					"raw": "https://mruvka.com",
					"protocol": "https",
					"host": [
						"mruvka",
						"com"
					]
				}
			},
			"response": []
		},
		{
			"name": "FourthPerson",
			"request": {
				"method": "POST",
				"header": [],
				"body": {
					"mode": "graphql",
					"graphql": {
						"query": "",
						"variables": "{\n    \"fourthId\": \"{{fourthId}}\"\n}"
					}
				},
				"url": {
					"raw": "https://mruvka.com",
					"protocol": "https",
					"host": [
						"mruvka",
						"com"
					]
				}
			},
			"response": []
		},
		{
			"name": "FourthPersonAlternative",
			"request": {
				"method": "POST",
				"header": [],
				"body": {
					"mode": "graphql",
					"graphql": {
						"query": "query {\n  person(personID: $id) {\n    name\n    birthYear\n    homeworld {\n      name\n\t\t}\n    starshipConnection {\n      starships {\n        name\n      }\n    }\n  }\n}\n",
						"variables": "{\n    \"id\": 4\n}"
					}
				},
				"url": {
					"raw": "https://mruvka.com",
					"protocol": "https",
					"host": [
						"mruvka",
						"com"
					]
				}
			},
			"response": []
		}
	]
}